id,date,name,amount
1,2016-04-01,mitsubishi_current_balance,0
2,2016-04-01,saitama_current_balance,0
3,2016-04-01,solar to receive,0
4,2016-04-01,salary,475599
5,2016-04-01,metlife,0
6,2016-04-01,mortgage,-88239
7,2016-04-01,saison_lalaport_visa_saitama,0
8,2016-04-01,cosmos_gasoline_visa_saitama,0
9,2016-04-01,edion_visa_saitama,0
10,2016-04-01,costco_old_visa_saitama,0
11,2016-04-01,costco_new_visa_mitsubishi,-37859
12,2016-04-01,yahoo_visa_saitama,-12810
13,2016-04-01,rakuten_visa_mitsubishi,-49230
14,2016-04-01,softbank,-9723
15,2016-04-01,solar_panel,-14081
16,2016-04-01,proyezd,-30000
17,2016-04-01,sadik,-25000
18,2016-04-01,samira_swimming,0
19,2016-04-01,samira_russian,0
20,2016-04-01,denki,-5534
21,2016-04-01,gas,-5517
22,2016-04-01,suv,0
23,2016-04-01,timur school,0
24,2016-04-01,jidoushazei,0
25,2016-04-01,home tax,0
31,2016-05-01,mitsubishi_current_balance,93716
32,2016-05-01,saitama_current_balance,13100
33,2016-05-01,solar to receive,14718
34,2016-05-01,salary,475599
35,2016-05-01,metlife,0
36,2016-05-01,mortgage,-88239
37,2016-05-01,saison_lalaport_visa_saitama,0
38,2016-05-01,cosmos_gasoline_visa_saitama,0
39,2016-05-01,edion_visa_saitama,0
40,2016-05-01,costco_old_visa_saitama,0
41,2016-05-01,costco_new_visa_mitsubishi,-48109
42,2016-05-01,yahoo_visa_saitama,-24624
43,2016-05-01,rakuten_visa_mitsubishi,-204993
44,2016-05-01,softbank,-9723
45,2016-05-01,solar_panel,-14081
46,2016-05-01,proyezd,-30000
47,2016-05-01,sadik,-25000
48,2016-05-01,samira_swimming,0
49,2016-05-01,samira_russian,0
50,2016-05-01,denki,-3263
51,2016-05-01,gas,-5299
52,2016-05-01,suv,-5616
53,2016-05-01,timur school,-5650
54,2016-05-01,jidoushazei,0
55,2016-05-01,home tax,0
61,2016-06-01,mitsubishi_current_balance,0
62,2016-06-01,saitama_current_balance,456
63,2016-06-01,solar to receive,14718
64,2016-06-01,salary,475599
65,2016-06-01,metlife,0
66,2016-06-01,mortgage,-88239
67,2016-06-01,saison_lalaport_visa_saitama,0
68,2016-06-01,cosmos_gasoline_visa_saitama,0
69,2016-06-01,edion_visa_saitama,0
70,2016-06-01,costco_old_visa_saitama,0
71,2016-06-01,costco_new_visa_mitsubishi,-39051
72,2016-06-01,yahoo_visa_saitama,-5755
73,2016-06-01,rakuten_visa_mitsubishi,-13207
74,2016-06-01,softbank,-9723
75,2016-06-01,solar_panel,-14081
76,2016-06-01,proyezd,-30000
77,2016-06-01,sadik,-30950
78,2016-06-01,samira_swimming,0
79,2016-06-01,samira_russian,0
80,2016-06-01,denki,-3263
81,2016-06-01,gas,-4146
82,2016-06-01,suv,0
83,2016-06-01,timur school,-50030
84,2016-06-01,jidoushazei,-34500
85,2016-06-01,home tax,-24800
91,2016-07-01,mitsubishi_current_balance,0
92,2016-07-01,saitama_current_balance,0
93,2016-07-01,solar to receive,14718
94,2016-07-01,salary,467891
95,2016-07-01,metlife,0
96,2016-07-01,mortgage,-88239
97,2016-07-01,saison_lalaport_visa_saitama,0
98,2016-07-01,cosmos_gasoline_visa_saitama,0
99,2016-07-01,edion_visa_saitama,0
100,2016-07-01,costco_old_visa_saitama,0
101,2016-07-01,costco_new_visa_mitsubishi,-40964
102,2016-07-01,yahoo_visa_saitama,-36383
103,2016-07-01,rakuten_visa_mitsubishi,-77955
104,2016-07-01,softbank,-10000
105,2016-07-01,solar_panel,-14081
106,2016-07-01,proyezd,-30000
107,2016-07-01,sadik,-36200
108,2016-07-01,samira_swimming,0
109,2016-07-01,samira_russian,0
110,2016-07-01,denki,-2903
111,2016-07-01,gas,-3593
112,2016-07-01,suv,-5616
113,2016-07-01,timur school,0
114,2016-07-01,jidoushazei,0
115,2016-07-01,home tax,0
121,2016-08-01,mitsubishi_current_balance,0
122,2016-08-01,saitama_current_balance,0
123,2016-08-01,solar to receive,14718
124,2016-08-01,salary,483291
125,2016-08-01,metlife,0
126,2016-08-01,mortgage,-88239
127,2016-08-01,saison_lalaport_visa_saitama,0
128,2016-08-01,cosmos_gasoline_visa_saitama,0
129,2016-08-01,edion_visa_saitama,0
130,2016-08-01,costco_old_visa_saitama,0
131,2016-08-01,costco_new_visa_mitsubishi,-51476
132,2016-08-01,yahoo_visa_saitama,-82870
133,2016-08-01,rakuten_visa_mitsubishi,-104972
134,2016-08-01,softbank,-10000
135,2016-08-01,solar_panel,-14081
136,2016-08-01,proyezd,-30000
137,2016-08-01,sadik,-36200
138,2016-08-01,samira_swimming,0
139,2016-08-01,samira_russian,0
140,2016-08-01,denki,-3398
141,2016-08-01,gas,-2684
142,2016-08-01,suv,0
143,2016-08-01,timur school,-50030
144,2016-08-01,jidoushazei,0
145,2016-08-01,home tax,0
151,2016-09-01,mitsubishi_current_balance,0
152,2016-09-01,saitama_current_balance,0
153,2016-09-01,solar to receive,14718
154,2016-09-01,salary,467891
155,2016-09-01,metlife,0
156,2016-09-01,mortgage,-88239
157,2016-09-01,saison_lalaport_visa_saitama,0
158,2016-09-01,cosmos_gasoline_visa_saitama,0
159,2016-09-01,edion_visa_saitama,0
160,2016-09-01,costco_old_visa_saitama,0
161,2016-09-01,costco_new_visa_mitsubishi,-37640
162,2016-09-01,yahoo_visa_saitama,-40387
163,2016-09-01,rakuten_visa_mitsubishi,-114149
164,2016-09-01,softbank,-12000
165,2016-09-01,solar_panel,-14081
166,2016-09-01,proyezd,-30000
167,2016-09-01,sadik,-36200
168,2016-09-01,samira_swimming,0
169,2016-09-01,samira_russian,0
170,2016-09-01,denki,-5854
171,2016-09-01,gas,-2379
172,2016-09-01,suv,-5616
173,2016-09-01,timur school,-29700
174,2016-09-01,jidoushazei,0
175,2016-09-01,home tax,0
181,2016-10-01,mitsubishi_current_balance,1855
182,2016-10-01,saitama_current_balance,54173
183,2016-10-01,solar to receive,14718
184,2016-10-01,salary,468291
185,2016-10-01,metlife,0
186,2016-10-01,mortgage,-88239
187,2016-10-01,saison_lalaport_visa_saitama,0
188,2016-10-01,cosmos_gasoline_visa_saitama,0
189,2016-10-01,edion_visa_saitama,0
190,2016-10-01,costco_old_visa_saitama,0
191,2016-10-01,costco_new_visa_mitsubishi,-40022
192,2016-10-01,yahoo_visa_saitama,-36700
193,2016-10-01,rakuten_visa_mitsubishi,-178099
194,2016-10-01,softbank,-12000
195,2016-10-01,solar_panel,-14081
196,2016-10-01,proyezd,-30000
197,2016-10-01,sadik,-36200
198,2016-10-01,samira_swimming,0
199,2016-10-01,samira_russian,0
200,2016-10-01,denki,-10000
201,2016-10-01,gas,-2338
202,2016-10-01,suv,0
203,2016-10-01,timur school,-50030
204,2016-10-01,jidoushazei,0
205,2016-10-01,home tax,0
211,2016-11-01,mitsubishi_current_balance,0
212,2016-11-01,saitama_current_balance,0
213,2016-11-01,solar to receive,8000
214,2016-11-01,salary,464202
215,2016-11-01,metlife,0
216,2016-11-01,mortgage,-88239
217,2016-11-01,saison_lalaport_visa_saitama,0
218,2016-11-01,cosmos_gasoline_visa_saitama,0
219,2016-11-01,edion_visa_saitama,0
220,2016-11-01,costco_old_visa_saitama,0
221,2016-11-01,costco_new_visa_mitsubishi,-47779
222,2016-11-01,yahoo_visa_saitama,-102248
223,2016-11-01,rakuten_visa_mitsubishi,-95263
224,2016-11-01,softbank,-12000
225,2016-11-01,solar_panel,-14081
226,2016-11-01,proyezd,-30000
227,2016-11-01,sadik,-36200
228,2016-11-01,samira_swimming,0
229,2016-11-01,samira_russian,0
230,2016-11-01,denki,-3787
231,2016-11-01,gas,-3248
232,2016-11-01,suv,-5616
233,2016-11-01,timur school,0
234,2016-11-01,jidoushazei,0
235,2016-11-01,home tax,0
241,2016-12-01,mitsubishi_current_balance,0
242,2016-12-01,saitama_current_balance,0
243,2016-12-01,solar to receive,8000
244,2016-12-01,salary,464202
245,2016-12-01,metlife,0
246,2016-12-01,mortgage,-88239
247,2016-12-01,saison_lalaport_visa_saitama,0
248,2016-12-01,cosmos_gasoline_visa_saitama,0
249,2016-12-01,edion_visa_saitama,0
250,2016-12-01,costco_old_visa_saitama,0
251,2016-12-01,costco_new_visa_mitsubishi,-91718
252,2016-12-01,yahoo_visa_saitama,-65094
253,2016-12-01,rakuten_visa_mitsubishi,-105173
254,2016-12-01,softbank,-12000
255,2016-12-01,solar_panel,-14081
256,2016-12-01,proyezd,-30000
257,2016-12-01,sadik,-81200
258,2016-12-01,samira_swimming,0
259,2016-12-01,samira_russian,0
260,2016-12-01,denki,-4034
261,2016-12-01,gas,-4623
262,2016-12-01,suv,0
263,2016-12-01,timur school,-29700
264,2016-12-01,jidoushazei,0
265,2016-12-01,home tax,0
271,2017-01-01,mitsubishi_current_balance,0
272,2017-01-01,saitama_current_balance,0
273,2017-01-01,solar to receive,8000
274,2017-01-01,salary,464202
275,2017-01-01,metlife,0
276,2017-01-01,mortgage,-88239
277,2017-01-01,saison_lalaport_visa_saitama,0
278,2017-01-01,cosmos_gasoline_visa_saitama,0
279,2017-01-01,edion_visa_saitama,0
280,2017-01-01,costco_old_visa_saitama,0
281,2017-01-01,costco_new_visa_mitsubishi,-70843
282,2017-01-01,yahoo_visa_saitama,-52261
283,2017-01-01,rakuten_visa_mitsubishi,-158830
284,2017-01-01,softbank,-12000
285,2017-01-01,solar_panel,-14081
286,2017-01-01,proyezd,-30000
287,2017-01-01,sadik,-36200
288,2017-01-01,samira_swimming,0
289,2017-01-01,samira_russian,0
290,2017-01-01,denki,-6765
291,2017-01-01,gas,-5824
292,2017-01-01,suv,-8000
293,2017-01-01,timur school,-29700
294,2017-01-01,jidoushazei,0
295,2017-01-01,home tax,-21000
301,2017-02-01,mitsubishi_current_balance,7
302,2017-02-01,saitama_current_balance,86117
303,2017-02-01,solar to receive,8000
304,2017-02-01,salary,464202
305,2017-02-01,metlife,0
306,2017-02-01,mortgage,-88239
307,2017-02-01,saison_lalaport_visa_saitama,0
308,2017-02-01,cosmos_gasoline_visa_saitama,0
309,2017-02-01,edion_visa_saitama,0
310,2017-02-01,costco_old_visa_saitama,0
311,2017-02-01,costco_new_visa_mitsubishi,-127886
312,2017-02-01,yahoo_visa_saitama,-24983
313,2017-02-01,rakuten_visa_mitsubishi,-245943
314,2017-02-01,softbank,-12000
315,2017-02-01,solar_panel,-14081
316,2017-02-01,proyezd,-30000
317,2017-02-01,sadik,-36200
318,2017-02-01,samira_swimming,0
319,2017-02-01,samira_russian,0
320,2017-02-01,denki,-12476
321,2017-02-01,gas,-5446
322,2017-02-01,suv,0
323,2017-02-01,timur school,-29700
324,2017-02-01,jidoushazei,0
325,2017-02-01,home tax,0
331,2017-03-01,mitsubishi_current_balance,139683
332,2017-03-01,saitama_current_balance,0
333,2017-03-01,solar to receive,8000
334,2017-03-01,salary,573602
335,2017-03-01,metlife,0
336,2017-03-01,mortgage,-88239
337,2017-03-01,saison_lalaport_visa_saitama,0
338,2017-03-01,cosmos_gasoline_visa_saitama,0
339,2017-03-01,edion_visa_saitama,0
340,2017-03-01,costco_old_visa_saitama,0
341,2017-03-01,costco_new_visa_mitsubishi,-71889
342,2017-03-01,yahoo_visa_saitama,-50210
343,2017-03-01,rakuten_visa_mitsubishi,-232789
344,2017-03-01,softbank,-12000
345,2017-03-01,solar_panel,-14081
346,2017-03-01,proyezd,-30000
347,2017-03-01,sadik,-36200
348,2017-03-01,samira_swimming,0
349,2017-03-01,samira_russian,0
350,2017-03-01,denki,-8663
351,2017-03-01,gas,-5446
352,2017-03-01,suv,-8000
353,2017-03-01,timur school,0
354,2017-03-01,jidoushazei,0
355,2017-03-01,home tax,-21000
361,2017-04-01,mitsubishi_current_balance,20000
362,2017-04-01,saitama_current_balance,0
363,2017-04-01,solar to receive,13299
364,2017-04-01,salary,573602
365,2017-04-01,metlife,0
366,2017-04-01,mortgage,-88239
367,2017-04-01,saison_lalaport_visa_saitama,0
368,2017-04-01,cosmos_gasoline_visa_saitama,0
369,2017-04-01,edion_visa_saitama,0
370,2017-04-01,costco_old_visa_saitama,0
371,2017-04-01,costco_new_visa_mitsubishi,-39281
372,2017-04-01,yahoo_visa_saitama,-37196
373,2017-04-01,rakuten_visa_mitsubishi,-93015
374,2017-04-01,softbank,-12000
375,2017-04-01,solar_panel,-14081
376,2017-04-01,proyezd,-30000
377,2017-04-01,sadik,-36200
378,2017-04-01,samira_swimming,0
379,2017-04-01,samira_russian,0
380,2017-04-01,denki,-5443
381,2017-04-01,gas,-5446
382,2017-04-01,suv,0
383,2017-04-01,timur school,0
384,2017-04-01,jidoushazei,0
385,2017-04-01,home tax,0
391,2017-05-01,mitsubishi_current_balance,373000
392,2017-05-01,saitama_current_balance,230982
393,2017-05-01,solar to receive,15939
394,2017-05-01,salary,637490
395,2017-05-01,metlife,0
396,2017-05-01,mortgage,-88239
397,2017-05-01,saison_lalaport_visa_saitama,0
398,2017-05-01,cosmos_gasoline_visa_saitama,0
399,2017-05-01,edion_visa_saitama,0
400,2017-05-01,costco_old_visa_saitama,0
401,2017-05-01,costco_new_visa_mitsubishi,-14093
402,2017-05-01,yahoo_visa_saitama,-3724
403,2017-05-01,rakuten_visa_mitsubishi,-370000
404,2017-05-01,softbank,-12000
405,2017-05-01,solar_panel,-14081
406,2017-05-01,proyezd,-30000
407,2017-05-01,sadik,-46000
408,2017-05-01,samira_swimming,0
409,2017-05-01,samira_russian,0
410,2017-05-01,denki,-4067
411,2017-05-01,gas,-5446
412,2017-05-01,suv,-8000
413,2017-05-01,timur school,0
414,2017-05-01,jidoushazei,0
415,2017-05-01,home tax,0
421,2017-06-01,mitsubishi_current_balance,0
422,2017-06-01,saitama_current_balance,0
423,2017-06-01,solar to receive,22011
424,2017-06-01,salary,602890
425,2017-06-01,metlife,0
426,2017-06-01,mortgage,-88239
427,2017-06-01,saison_lalaport_visa_saitama,0
428,2017-06-01,cosmos_gasoline_visa_saitama,0
429,2017-06-01,edion_visa_saitama,0
430,2017-06-01,costco_old_visa_saitama,0
431,2017-06-01,costco_new_visa_mitsubishi,-16268
432,2017-06-01,yahoo_visa_saitama,-8972
433,2017-06-01,rakuten_visa_mitsubishi,-36734
434,2017-06-01,softbank,-12000
435,2017-06-01,solar_panel,-14081
436,2017-06-01,proyezd,-30000
437,2017-06-01,sadik,-46000
438,2017-06-01,samira_swimming,0
439,2017-06-01,samira_russian,0
440,2017-06-01,denki,-3520
441,2017-06-01,gas,-5446
442,2017-06-01,suv,0
443,2017-06-01,timur school,0
444,2017-06-01,jidoushazei,0
445,2017-06-01,home tax,0
451,2017-07-01,mitsubishi_current_balance,0
452,2017-07-01,saitama_current_balance,0
453,2017-07-01,solar to receive,18216
454,2017-07-01,salary,561443
455,2017-07-01,metlife,0
456,2017-07-01,mortgage,-88239
457,2017-07-01,saison_lalaport_visa_saitama,0
458,2017-07-01,cosmos_gasoline_visa_saitama,0
459,2017-07-01,edion_visa_saitama,0
460,2017-07-01,costco_old_visa_saitama,0
461,2017-07-01,costco_new_visa_mitsubishi,-10697
462,2017-07-01,yahoo_visa_saitama,-4082
463,2017-07-01,rakuten_visa_mitsubishi,-52616
464,2017-07-01,softbank,-12000
465,2017-07-01,solar_panel,-14081
466,2017-07-01,proyezd,-30000
467,2017-07-01,sadik,-46000
468,2017-07-01,samira_swimming,0
469,2017-07-01,samira_russian,0
470,2017-07-01,denki,-3238
471,2017-07-01,gas,-3477
472,2017-07-01,suv,-8000
473,2017-07-01,timur school,0
474,2017-07-01,jidoushazei,0
475,2017-07-01,home tax,0
481,2017-08-01,mitsubishi_current_balance,0
482,2017-08-01,saitama_current_balance,0
483,2017-08-01,solar to receive,19074
484,2017-08-01,salary,561443
485,2017-08-01,metlife,0
486,2017-08-01,mortgage,-88239
487,2017-08-01,saison_lalaport_visa_saitama,0
488,2017-08-01,cosmos_gasoline_visa_saitama,0
489,2017-08-01,edion_visa_saitama,0
490,2017-08-01,costco_old_visa_saitama,0
491,2017-08-01,costco_new_visa_mitsubishi,-31406
492,2017-08-01,yahoo_visa_saitama,-7648
493,2017-08-01,rakuten_visa_mitsubishi,-149599
494,2017-08-01,softbank,-12000
495,2017-08-01,solar_panel,-14081
496,2017-08-01,proyezd,-30000
497,2017-08-01,sadik,0
498,2017-08-01,samira_swimming,0
499,2017-08-01,samira_russian,0
500,2017-08-01,denki,-5124
501,2017-08-01,gas,-3477
502,2017-08-01,suv,0
503,2017-08-01,timur school,-50030
504,2017-08-01,jidoushazei,0
505,2017-08-01,home tax,0
511,2017-10-01,mitsubishi_current_balance,0
512,2017-10-01,saitama_current_balance,0
513,2017-10-01,solar to receive,12771
514,2017-10-01,salary,561443
515,2017-10-01,metlife,0
516,2017-10-01,mortgage,-88239
517,2017-10-01,saison_lalaport_visa_saitama,0
518,2017-10-01,cosmos_gasoline_visa_saitama,0
519,2017-10-01,edion_visa_saitama,0
520,2017-10-01,costco_old_visa_saitama,0
521,2017-10-01,costco_new_visa_mitsubishi,0
522,2017-10-01,yahoo_visa_saitama,-10765
523,2017-10-01,rakuten_visa_mitsubishi,-12725
524,2017-10-01,softbank,-12000
525,2017-10-01,solar_panel,-14081
526,2017-10-01,proyezd,-30000
527,2017-10-01,sadik,-36200
528,2017-10-01,samira_swimming,0
529,2017-10-01,samira_russian,0
530,2017-10-01,denki,-3841
531,2017-10-01,gas,-3477
532,2017-10-01,suv,0
533,2017-10-01,timur school,-50030
534,2017-10-01,jidoushazei,0
535,2017-10-01,home tax,0
541,2017-11-01,mitsubishi_current_balance,0
542,2017-11-01,saitama_current_balance,0
543,2017-11-01,solar to receive,8811
544,2017-11-01,salary,561447
545,2017-11-01,metlife,0
546,2017-11-01,mortgage,-88239
547,2017-11-01,saison_lalaport_visa_saitama,0
548,2017-11-01,cosmos_gasoline_visa_saitama,0
549,2017-11-01,edion_visa_saitama,0
550,2017-11-01,costco_old_visa_saitama,0
551,2017-11-01,costco_new_visa_mitsubishi,-113030
552,2017-11-01,yahoo_visa_saitama,-11845
553,2017-11-01,rakuten_visa_mitsubishi,-138306
554,2017-11-01,softbank,-12000
555,2017-11-01,solar_panel,-14081
556,2017-11-01,proyezd,-30000
557,2017-11-01,sadik,-36200
558,2017-11-01,samira_swimming,0
559,2017-11-01,samira_russian,0
560,2017-11-01,denki,-4223
561,2017-11-01,gas,-3916
562,2017-11-01,suv,-8000
563,2017-11-01,timur school,0
564,2017-11-01,jidoushazei,0
565,2017-11-01,home tax,0
571,2017-12-01,mitsubishi_current_balance,0
572,2017-12-01,saitama_current_balance,0
573,2017-12-01,solar to receive,8448
574,2017-12-01,salary,561447
575,2017-12-01,metlife,0
576,2017-12-01,mortgage,-88239
577,2017-12-01,saison_lalaport_visa_saitama,0
578,2017-12-01,cosmos_gasoline_visa_saitama,0
579,2017-12-01,edion_visa_saitama,0
580,2017-12-01,costco_old_visa_saitama,0
581,2017-12-01,costco_new_visa_mitsubishi,0
582,2017-12-01,yahoo_visa_saitama,-12180
583,2017-12-01,rakuten_visa_mitsubishi,-246073
584,2017-12-01,softbank,-11645
585,2017-12-01,solar_panel,-14081
586,2017-12-01,proyezd,-30000
587,2017-12-01,sadik,-36200
588,2017-12-01,samira_swimming,0
589,2017-12-01,samira_russian,0
590,2017-12-01,denki,-5283
591,2017-12-01,gas,-3916
592,2017-12-01,suv,0
593,2017-12-01,timur school,-29700
594,2017-12-01,jidoushazei,0
595,2017-12-01,home tax,0
601,2018-01-01,mitsubishi_current_balance,0
602,2018-01-01,saitama_current_balance,0
603,2018-01-01,solar to receive,6402
604,2018-01-01,salary,561447
605,2018-01-01,metlife,0
606,2018-01-01,mortgage,-88239
607,2018-01-01,saison_lalaport_visa_saitama,0
608,2018-01-01,cosmos_gasoline_visa_saitama,0
609,2018-01-01,edion_visa_saitama,0
610,2018-01-01,costco_old_visa_saitama,0
611,2018-01-01,costco_new_visa_mitsubishi,-20250
612,2018-01-01,yahoo_visa_saitama,-89213
613,2018-01-01,rakuten_visa_mitsubishi,-274208
614,2018-01-01,softbank,-11645
615,2018-01-01,solar_panel,-14081
616,2018-01-01,proyezd,-30000
617,2018-01-01,sadik,-36200
618,2018-01-01,samira_swimming,0
619,2018-01-01,samira_russian,0
620,2018-01-01,denki,-10096
621,2018-01-01,gas,-3916
622,2018-01-01,suv,-8000
623,2018-01-01,timur school,-29700
624,2018-01-01,jidoushazei,0
625,2018-01-01,home tax,0
631,2018-02-01,mitsubishi_current_balance,0
632,2018-02-01,saitama_current_balance,0
633,2018-02-01,solar to receive,6402
634,2018-02-01,salary,561447
635,2018-02-01,metlife,0
636,2018-02-01,mortgage,-88239
637,2018-02-01,saison_lalaport_visa_saitama,0
638,2018-02-01,cosmos_gasoline_visa_saitama,0
639,2018-02-01,edion_visa_saitama,-171584
640,2018-02-01,costco_old_visa_saitama,0
641,2018-02-01,costco_new_visa_mitsubishi,-18773
642,2018-02-01,yahoo_visa_saitama,-10257
643,2018-02-01,rakuten_visa_mitsubishi,-154728
644,2018-02-01,softbank,-61022
645,2018-02-01,solar_panel,-14081
646,2018-02-01,proyezd,-30000
647,2018-02-01,sadik,-36200
648,2018-02-01,samira_swimming,0
649,2018-02-01,samira_russian,0
650,2018-02-01,denki,-18000
651,2018-02-01,gas,-3916
652,2018-02-01,suv,0
653,2018-02-01,timur school,0
654,2018-02-01,jidoushazei,0
655,2018-02-01,home tax,0
661,2018-03-01,mitsubishi_current_balance,0
662,2018-03-01,saitama_current_balance,0
663,2018-03-01,solar to receive,6402
664,2018-03-01,salary,570000
665,2018-03-01,metlife,0
666,2018-03-01,mortgage,-88239
667,2018-03-01,saison_lalaport_visa_saitama,0
668,2018-03-01,cosmos_gasoline_visa_saitama,0
669,2018-03-01,edion_visa_saitama,-1200
670,2018-03-01,costco_old_visa_saitama,0
671,2018-03-01,costco_new_visa_mitsubishi,-49853
672,2018-03-01,yahoo_visa_saitama,-12148
673,2018-03-01,rakuten_visa_mitsubishi,-186256
674,2018-03-01,softbank,-20000
675,2018-03-01,solar_panel,-14081
676,2018-03-01,proyezd,-30000
677,2018-03-01,sadik,-36200
678,2018-03-01,samira_swimming,0
679,2018-03-01,samira_russian,0
680,2018-03-01,denki,-18000
681,2018-03-01,gas,-6474
682,2018-03-01,suv,-9120
683,2018-03-01,timur school,0
684,2018-03-01,jidoushazei,0
685,2018-03-01,home tax,-21000
691,2018-04-01,mitsubishi_current_balance,0
692,2018-04-01,saitama_current_balance,0
693,2018-04-01,solar to receive,6402
694,2018-04-01,salary,570000
695,2018-04-01,metlife,0
696,2018-04-01,mortgage,-88239
697,2018-04-01,saison_lalaport_visa_saitama,0
698,2018-04-01,cosmos_gasoline_visa_saitama,0
699,2018-04-01,edion_visa_saitama,-60000
700,2018-04-01,costco_old_visa_saitama,0
701,2018-04-01,costco_new_visa_mitsubishi,-27837
702,2018-04-01,yahoo_visa_saitama,-15720
703,2018-04-01,rakuten_visa_mitsubishi,-190000
704,2018-04-01,softbank,-24000
705,2018-04-01,solar_panel,-14081
706,2018-04-01,proyezd,-30000
707,2018-04-01,sadik,-36200
708,2018-04-01,samira_swimming,0
709,2018-04-01,samira_russian,0
710,2018-04-01,denki,-18000
711,2018-04-01,gas,-6474
712,2018-04-01,suv,0
713,2018-04-01,timur school,0
714,2018-04-01,jidoushazei,0
715,2018-04-01,home tax,0
721,2018-05-01,mitsubishi_current_balance,0
722,2018-05-01,saitama_current_balance,0
723,2018-05-01,solar to receive,6402
724,2018-05-01,salary,570000
725,2018-05-01,metlife,0
726,2018-05-01,mortgage,-88239
727,2018-05-01,saison_lalaport_visa_saitama,0
728,2018-05-01,cosmos_gasoline_visa_saitama,0
729,2018-05-01,edion_visa_saitama,0
730,2018-05-01,costco_old_visa_saitama,0
731,2018-05-01,costco_new_visa_mitsubishi,-19187
732,2018-05-01,yahoo_visa_saitama,-11540
733,2018-05-01,rakuten_visa_mitsubishi,-89336
734,2018-05-01,softbank,-23386
735,2018-05-01,solar_panel,-14081
736,2018-05-01,proyezd,-30000
737,2018-05-01,sadik,-36200
738,2018-05-01,samira_swimming,0
739,2018-05-01,samira_russian,0
740,2018-05-01,denki,-18000
741,2018-05-01,gas,-1458
742,2018-05-01,suv,-9120
743,2018-05-01,timur school,0
744,2018-05-01,jidoushazei,0
745,2018-05-01,home tax,0
751,2018-06-01,mitsubishi_current_balance,0
752,2018-06-01,saitama_current_balance,0
753,2018-06-01,solar to receive,6402
754,2018-06-01,salary,570000
755,2018-06-01,metlife,0
756,2018-06-01,mortgage,-88239
757,2018-06-01,saison_lalaport_visa_saitama,0
758,2018-06-01,cosmos_gasoline_visa_saitama,0
759,2018-06-01,edion_visa_saitama,0
760,2018-06-01,costco_old_visa_saitama,0
761,2018-06-01,costco_new_visa_mitsubishi,-23013
762,2018-06-01,yahoo_visa_saitama,-5820
763,2018-06-01,rakuten_visa_mitsubishi,-163546
764,2018-06-01,softbank,0
765,2018-06-01,solar_panel,-14081
766,2018-06-01,proyezd,-30000
767,2018-06-01,sadik,-36200
768,2018-06-01,samira_swimming,0
769,2018-06-01,samira_russian,0
770,2018-06-01,denki,-18000
771,2018-06-01,gas,-6474
772,2018-06-01,suv,0
773,2018-06-01,timur school,-25030
774,2018-06-01,jidoushazei,0
775,2018-06-01,home tax,0
781,2018-07-01,mitsubishi_current_balance,0
782,2018-07-01,saitama_current_balance,0
783,2018-07-01,solar to receive,6402
784,2018-07-01,salary,570000
785,2018-07-01,metlife,0
786,2018-07-01,mortgage,-88239
787,2018-07-01,saison_lalaport_visa_saitama,-20940
788,2018-07-01,cosmos_gasoline_visa_saitama,-6052
789,2018-07-01,edion_visa_saitama,0
790,2018-07-01,costco_old_visa_saitama,0
791,2018-07-01,costco_new_visa_mitsubishi,-56564
792,2018-07-01,yahoo_visa_saitama,-1472
793,2018-07-01,rakuten_visa_mitsubishi,-304790
794,2018-07-01,softbank,0
795,2018-07-01,solar_panel,-14081
796,2018-07-01,proyezd,-30000
797,2018-07-01,sadik,-36200
798,2018-07-01,samira_swimming,0
799,2018-07-01,samira_russian,0
800,2018-07-01,denki,-18000
801,2018-07-01,gas,-6474
802,2018-07-01,suv,-9120
803,2018-07-01,timur school,0
804,2018-07-01,jidoushazei,0
805,2018-07-01,home tax,0
811,2018-08-01,mitsubishi_current_balance,0
812,2018-08-01,saitama_current_balance,693396
813,2018-08-01,solar to receive,6402
814,2018-08-01,salary,570000
815,2018-08-01,metlife,0
816,2018-08-01,mortgage,-88239
817,2018-08-01,saison_lalaport_visa_saitama,-3063
818,2018-08-01,cosmos_gasoline_visa_saitama,-6375
819,2018-08-01,edion_visa_saitama,0
820,2018-08-01,costco_old_visa_saitama,0
821,2018-08-01,costco_new_visa_mitsubishi,-90012
822,2018-08-01,yahoo_visa_saitama,-34560
823,2018-08-01,rakuten_visa_mitsubishi,-644707
824,2018-08-01,softbank,0
825,2018-08-01,solar_panel,-14081
826,2018-08-01,proyezd,-30000
827,2018-08-01,sadik,-36200
828,2018-08-01,samira_swimming,0
829,2018-08-01,samira_russian,0
830,2018-08-01,denki,-18000
831,2018-08-01,gas,-6474
832,2018-08-01,suv,0
833,2018-08-01,timur school,-25030
834,2018-08-01,jidoushazei,0
835,2018-08-01,home tax,0
841,2018-09-01,mitsubishi_current_balance,320000
842,2018-09-01,saitama_current_balance,0
843,2018-09-01,solar to receive,6402
844,2018-09-01,salary,570000
845,2018-09-01,metlife,0
846,2018-09-01,mortgage,-88239
847,2018-09-01,saison_lalaport_visa_saitama,-4549
848,2018-09-01,cosmos_gasoline_visa_saitama,-6005
849,2018-09-01,edion_visa_saitama,0
850,2018-09-01,costco_old_visa_saitama,0
851,2018-09-01,costco_new_visa_mitsubishi,-98110
852,2018-09-01,yahoo_visa_saitama,-111142
853,2018-09-01,rakuten_visa_mitsubishi,-386184
854,2018-09-01,softbank,0
855,2018-09-01,solar_panel,-14081
856,2018-09-01,proyezd,-30000
857,2018-09-01,sadik,-36200
858,2018-09-01,samira_swimming,0
859,2018-09-01,samira_russian,0
860,2018-09-01,denki,-18000
861,2018-09-01,gas,-6474
862,2018-09-01,suv,-9120
863,2018-09-01,timur school,0
864,2018-09-01,jidoushazei,0
865,2018-09-01,home tax,0
871,2018-10-01,mitsubishi_current_balance,300000
872,2018-10-01,saitama_current_balance,0
873,2018-10-01,solar to receive,6402
874,2018-10-01,salary,610000
875,2018-10-01,metlife,-31031
876,2018-10-01,mortgage,-88239
877,2018-10-01,saison_lalaport_visa_saitama,-5510
878,2018-10-01,cosmos_gasoline_visa_saitama,-25071
879,2018-10-01,edion_visa_saitama,0
880,2018-10-01,costco_old_visa_saitama,-18681
881,2018-10-01,costco_new_visa_mitsubishi,-717419
882,2018-10-01,yahoo_visa_saitama,-48076
883,2018-10-01,rakuten_visa_mitsubishi,-266794
884,2018-10-01,softbank,-6590
885,2018-10-01,solar_panel,-14081
886,2018-10-01,proyezd,-30000
887,2018-10-01,sadik,-36200
888,2018-10-01,samira_swimming,0
889,2018-10-01,samira_russian,0
890,2018-10-01,denki,-18000
891,2018-10-01,gas,-6474
892,2018-10-01,suv,0
893,2018-10-01,timur school,-25030
894,2018-10-01,jidoushazei,0
895,2018-10-01,home tax,0
901,2018-11-01,mitsubishi_current_balance,0
902,2018-11-01,saitama_current_balance,1120239
903,2018-11-01,solar to receive,6402
904,2018-11-01,salary,615000
905,2018-11-01,metlife,-31031
906,2018-11-01,mortgage,-88239
907,2018-11-01,saison_lalaport_visa_saitama,-21855
908,2018-11-01,cosmos_gasoline_visa_saitama,-12521
909,2018-11-01,edion_visa_saitama,0
910,2018-11-01,costco_old_visa_saitama,0
911,2018-11-01,costco_new_visa_mitsubishi,-274299
912,2018-11-01,yahoo_visa_saitama,-139242
913,2018-11-01,rakuten_visa_mitsubishi,-750597
914,2018-11-01,softbank,-6590
915,2018-11-01,solar_panel,-14081
916,2018-11-01,proyezd,-30000
917,2018-11-01,sadik,-36200
918,2018-11-01,samira_swimming,0
919,2018-11-01,samira_russian,0
920,2018-11-01,denki,-8000
921,2018-11-01,gas,-2000
922,2018-11-01,suv,-9120
923,2018-11-01,timur school,0
924,2018-11-01,jidoushazei,0
925,2018-11-01,home tax,0
931,2018-12-01,mitsubishi_current_balance,256854
932,2018-12-01,saitama_current_balance,800000
933,2018-12-01,solar to receive,6402
934,2018-12-01,salary,615000
935,2018-12-01,metlife,-31508
936,2018-12-01,mortgage,-88239
937,2018-12-01,saison_lalaport_visa_saitama,-67794
938,2018-12-01,cosmos_gasoline_visa_saitama,-2916
939,2018-12-01,edion_visa_saitama,0
940,2018-12-01,costco_old_visa_saitama,-1384
941,2018-12-01,costco_new_visa_mitsubishi,-275426
942,2018-12-01,yahoo_visa_saitama,-415590
943,2018-12-01,rakuten_visa_mitsubishi,-268266
944,2018-12-01,softbank,-6590
945,2018-12-01,solar_panel,-14081
946,2018-12-01,proyezd,-30000
947,2018-12-01,sadik,-66200
948,2018-12-01,samira_swimming,0
949,2018-12-01,samira_russian,0
950,2018-12-01,denki,-7325
951,2018-12-01,gas,-2000
952,2018-12-01,suv,0
953,2018-12-01,timur school,0
954,2018-12-01,jidoushazei,0
955,2018-12-01,home tax,0
961,2019-01-01,mitsubishi_current_balance,438852
962,2019-01-01,saitama_current_balance,1296557
963,2019-01-01,solar to receive,6402
964,2019-01-01,salary,615000
965,2019-01-01,metlife,-31442
966,2019-01-01,mortgage,-88239
967,2019-01-01,saison_lalaport_visa_saitama,-60791
968,2019-01-01,cosmos_gasoline_visa_saitama,-25490
969,2019-01-01,edion_visa_saitama,0
970,2019-01-01,costco_old_visa_saitama,-6981
971,2019-01-01,costco_new_visa_mitsubishi,-573560
972,2019-01-01,yahoo_visa_saitama,-71326
973,2019-01-01,rakuten_visa_mitsubishi,-663411
974,2019-01-01,softbank,-6590
975,2019-01-01,solar_panel,-14081
976,2019-01-01,proyezd,-30000
977,2019-01-01,sadik,-66200
978,2019-01-01,samira_swimming,0
979,2019-01-01,samira_russian,0
980,2019-01-01,denki,-10748
981,2019-01-01,gas,-2000
982,2019-01-01,suv,-6480
983,2019-01-01,timur school,-29700
984,2019-01-01,jidoushazei,0
985,2019-01-01,home tax,-20000
991,2019-02-01,mitsubishi_current_balance,4733
992,2019-02-01,saitama_current_balance,939200
993,2019-02-01,solar to receive,6402
994,2019-02-01,salary,615000
995,2019-02-01,metlife,-30056
996,2019-02-01,mortgage,-88239
997,2019-02-01,saison_lalaport_visa_saitama,-76961
998,2019-02-01,cosmos_gasoline_visa_saitama,-11696
999,2019-02-01,edion_visa_saitama,0
1000,2019-02-01,costco_old_visa_saitama,0
1001,2019-02-01,costco_new_visa_mitsubishi,-422482
1002,2019-02-01,yahoo_visa_saitama,-225840
1003,2019-02-01,rakuten_visa_mitsubishi,-616672
1004,2019-02-01,softbank,-6590
1005,2019-02-01,solar_panel,-14081
1006,2019-02-01,proyezd,-30000
1007,2019-02-01,sadik,-66200
1008,2019-02-01,samira_swimming,0
1009,2019-02-01,samira_russian,0
1010,2019-02-01,denki,-10748
1011,2019-02-01,gas,-2000
1012,2019-02-01,suv,0
1013,2019-02-01,timur school,-29700
1014,2019-02-01,jidoushazei,0
1015,2019-02-01,home tax,0
1021,2019-03-01,mitsubishi_current_balance,540796
1022,2019-03-01,saitama_current_balance,643988
1023,2019-03-01,solar to receive,6402
1024,2019-03-01,salary,630000
1025,2019-03-01,metlife,-30650
1026,2019-03-01,mortgage,-88239
1027,2019-03-01,saison_lalaport_visa_saitama,-11580
1028,2019-03-01,cosmos_gasoline_visa_saitama,-10721
1029,2019-03-01,edion_visa_saitama,0
1030,2019-03-01,costco_old_visa_saitama,-7787
1031,2019-03-01,costco_new_visa_mitsubishi,-110335
1032,2019-03-01,yahoo_visa_saitama,-328142
1033,2019-03-01,rakuten_visa_mitsubishi,-645074
1034,2019-03-01,softbank,-6590
1035,2019-03-01,solar_panel,-14081
1036,2019-03-01,proyezd,-30000
1037,2019-03-01,sadik,-60000
1038,2019-03-01,samira_swimming,0
1039,2019-03-01,samira_russian,0
1040,2019-03-01,denki,-16080
1041,2019-03-01,gas,-1458
1042,2019-03-01,suv,-6048
1043,2019-03-01,timur school,0
1044,2019-03-01,jidoushazei,0
1045,2019-03-01,home tax,0
1051,2019-04-01,mitsubishi_current_balance,113920
1052,2019-04-01,saitama_current_balance,1333439
1053,2019-04-01,solar to receive,6402
1054,2019-04-01,salary,651207
1055,2019-04-01,metlife,-30854
1056,2019-04-01,mortgage,-88239
1057,2019-04-01,saison_lalaport_visa_saitama,-19402
1058,2019-04-01,cosmos_gasoline_visa_saitama,-3747
1059,2019-04-01,edion_visa_saitama,0
1060,2019-04-01,costco_old_visa_saitama,-7194
1061,2019-04-01,costco_new_visa_mitsubishi,-78482
1062,2019-04-01,yahoo_visa_saitama,-139242
1063,2019-04-01,rakuten_visa_mitsubishi,-733977
1064,2019-04-01,softbank,-6590
1065,2019-04-01,solar_panel,-14081
1066,2019-04-01,proyezd,-30000
1067,2019-04-01,sadik,-60000
1068,2019-04-01,samira_swimming,0
1069,2019-04-01,samira_russian,0
1070,2019-04-01,denki,-16080
1071,2019-04-01,gas,-2000
1072,2019-04-01,suv,0
1073,2019-04-01,timur school,0
1074,2019-04-01,jidoushazei,0
1075,2019-04-01,home tax,0
1081,2019-05-01,mitsubishi_current_balance,52136
1082,2019-05-01,saitama_current_balance,2277081
1083,2019-05-01,solar to receive,6402
1084,2019-05-01,salary,651207
1085,2019-05-01,metlife,-31053
1086,2019-05-01,mortgage,-88239
1087,2019-05-01,saison_lalaport_visa_saitama,-62606
1088,2019-05-01,cosmos_gasoline_visa_saitama,0
1089,2019-05-01,edion_visa_saitama,0
1090,2019-05-01,costco_old_visa_saitama,-5597
1091,2019-05-01,costco_new_visa_mitsubishi,-531731
1092,2019-05-01,yahoo_visa_saitama,-400868
1093,2019-05-01,rakuten_visa_mitsubishi,-1364405
1094,2019-05-01,softbank,-6590
1095,2019-05-01,solar_panel,-14081
1096,2019-05-01,proyezd,-30000
1097,2019-05-01,sadik,-60000
1098,2019-05-01,samira_swimming,0
1099,2019-05-01,samira_russian,0
1100,2019-05-01,denki,-9511
1101,2019-05-01,gas,-2000
1102,2019-05-01,suv,-6048
1103,2019-05-01,timur school,0
1104,2019-05-01,jidoushazei,0
1105,2019-05-01,home tax,0
1111,2019-06-01,mitsubishi_current_balance,20175
1112,2019-06-01,saitama_current_balance,879649
1113,2019-06-01,solar to receive,6402
1114,2019-06-01,salary,650557
1115,2019-06-01,metlife,-30426
1116,2019-06-01,mortgage,-88239
1117,2019-06-01,saison_lalaport_visa_saitama,-100361
1118,2019-06-01,cosmos_gasoline_visa_saitama,0
1119,2019-06-01,edion_visa_saitama,0
1120,2019-06-01,costco_old_visa_saitama,-5597
1121,2019-06-01,costco_new_visa_mitsubishi,-118165
1122,2019-06-01,yahoo_visa_saitama,-243726
1123,2019-06-01,rakuten_visa_mitsubishi,-626584
1124,2019-06-01,softbank,-6590
1125,2019-06-01,solar_panel,-14081
1126,2019-06-01,proyezd,-30000
1127,2019-06-01,sadik,-60000
1128,2019-06-01,samira_swimming,0
1129,2019-06-01,samira_russian,0
1130,2019-06-01,denki,-9511
1131,2019-06-01,gas,-2000
1132,2019-06-01,suv,0
1133,2019-06-01,timur school,0
1134,2019-06-01,jidoushazei,0
1135,2019-06-01,home tax,0
1141,2019-07-01,mitsubishi_current_balance,0
1142,2019-07-01,saitama_current_balance,953903
1143,2019-07-01,solar to receive,6402
1144,2019-07-01,salary,650557
1145,2019-07-01,metlife,-30087
1146,2019-07-01,mortgage,-88239
1147,2019-07-01,saison_lalaport_visa_saitama,-55080
1148,2019-07-01,cosmos_gasoline_visa_saitama,0
1149,2019-07-01,edion_visa_saitama,0
1150,2019-07-01,costco_old_visa_saitama,0
1151,2019-07-01,costco_new_visa_mitsubishi,-404404
1152,2019-07-01,yahoo_visa_saitama,-603636
1153,2019-07-01,rakuten_visa_mitsubishi,-156799
1154,2019-07-01,softbank,-6590
1155,2019-07-01,solar_panel,-14081
1156,2019-07-01,proyezd,-30000
1157,2019-07-01,sadik,-60000
1158,2019-07-01,samira_swimming,0
1159,2019-07-01,samira_russian,0
1160,2019-07-01,denki,-9511
1161,2019-07-01,gas,-2000
1162,2019-07-01,suv,-6048
1163,2019-07-01,timur school,0
1164,2019-07-01,jidoushazei,0
1165,2019-07-01,home tax,0
1171,2019-08-01,mitsubishi_current_balance,177138
1172,2019-08-01,saitama_current_balance,1795963
1173,2019-08-01,solar to receive,6402
1174,2019-08-01,salary,644757
1175,2019-08-01,metlife,-29938
1176,2019-08-01,mortgage,-88239
1177,2019-08-01,saison_lalaport_visa_saitama,-636291
1178,2019-08-01,cosmos_gasoline_visa_saitama,0
1179,2019-08-01,edion_visa_saitama,0
1180,2019-08-01,costco_old_visa_saitama,0
1181,2019-08-01,costco_new_visa_mitsubishi,-397204
1182,2019-08-01,yahoo_visa_saitama,-261293
1183,2019-08-01,rakuten_visa_mitsubishi,-954882
1184,2019-08-01,softbank,-6590
1185,2019-08-01,solar_panel,-14081
1186,2019-08-01,proyezd,-30000
1187,2019-08-01,sadik,-60000
1188,2019-08-01,samira_swimming,0
1189,2019-08-01,samira_russian,0
1190,2019-08-01,denki,-5620
1191,2019-08-01,gas,-2000
1192,2019-08-01,suv,0
1193,2019-08-01,timur school,0
1194,2019-08-01,jidoushazei,0
1195,2019-08-01,home tax,0
1201,2019-09-01,mitsubishi_current_balance,0
1202,2019-09-01,saitama_current_balance,618000
1203,2019-09-01,solar to receive,6402
1204,2019-09-01,salary,644757
1205,2019-09-01,metlife,-29938
1206,2019-09-01,mortgage,-88239
1207,2019-09-01,saison_lalaport_visa_saitama,-47860
1208,2019-09-01,cosmos_gasoline_visa_saitama,0
1209,2019-09-01,edion_visa_saitama,0
1210,2019-09-01,costco_old_visa_saitama,-5597
1211,2019-09-01,costco_new_visa_mitsubishi,-83899
1212,2019-09-01,yahoo_visa_saitama,-168308
1213,2019-09-01,rakuten_visa_mitsubishi,-647148
1214,2019-09-01,softbank,-6590
1215,2019-09-01,solar_panel,-14081
1216,2019-09-01,proyezd,-30000
1217,2019-09-01,sadik,-60000
1218,2019-09-01,samira_swimming,0
1219,2019-09-01,samira_russian,0
1220,2019-09-01,denki,-9498
1221,2019-09-01,gas,-2000
1222,2019-09-01,suv,-6048
1223,2019-09-01,timur school,0
1224,2019-09-01,jidoushazei,0
1225,2019-09-01,home tax,-31000
1261,2019-11-01,mitsubishi_current_balance,50000
1262,2019-11-01,saitama_current_balance,1393165
1263,2019-11-01,solar to receive,6402
1264,2019-11-01,salary,644757
1265,2019-11-01,metlife,-30062
1266,2019-11-01,mortgage,-88239
1267,2019-11-01,saison_lalaport_visa_saitama,-41527
1268,2019-11-01,cosmos_gasoline_visa_saitama,-7304
1269,2019-11-01,edion_visa_saitama,0
1270,2019-11-01,costco_old_visa_saitama,0
1271,2019-11-01,costco_new_visa_mitsubishi,-240737
1272,2019-11-01,yahoo_visa_saitama,-6357
1273,2019-11-01,rakuten_visa_mitsubishi,-1191519
1274,2019-11-01,softbank,-6921
1275,2019-11-01,solar_panel,-14081
1276,2019-11-01,proyezd,-30000
1277,2019-11-01,sadik,-60000
1278,2019-11-01,samira_swimming,-7480
1279,2019-11-01,samira_russian,0
1280,2019-11-01,denki,-6090
1281,2019-11-01,gas,-2916
1282,2019-11-01,suv,-4968
1283,2019-11-01,timur school,0
1284,2019-11-01,jidoushazei,0
1285,2019-11-01,home tax,0
1314,2019-12-01,date,2019
1315,2019-12-01,mitsubishi_current_balance,19000
1316,2019-12-01,saitama_current_balance,1321340
1317,2019-12-01,solar to receive,8712
1318,2019-12-01,salary,643457
1319,2019-12-01,metlife,-30203
1320,2019-12-01,mortgage,-88239
1321,2019-12-01,saison_lalaport_visa_saitama,-205385
1322,2019-12-01,cosmos_gasoline_visa_saitama,-23991
1323,2019-12-01,edion_visa_saitama,0
1324,2019-12-01,costco_old_visa_saitama,0
1325,2019-12-01,costco_new_visa_mitsubishi,-757328
1326,2019-12-01,yahoo_visa_saitama,-289580
1327,2019-12-01,rakuten_visa_mitsubishi,-282289
1328,2019-12-01,softbank,-7035
1329,2019-12-01,solar_panel,-14081
1330,2019-12-01,proyezd,-30000
1331,2019-12-01,sadik,-20000
1332,2019-12-01,samira_swimming,-7480
1333,2019-12-01,samira_russian,-11000
1334,2019-12-01,denki,-7742
1335,2019-12-01,gas,-2916
1336,2019-12-01,suv,0
1337,2019-12-01,timur school,0
1338,2019-12-01,jidoushazei,0
1339,2019-12-01,home tax,-31000
1342,2020-01-01,date,2019
1343,2020-01-01,mitsubishi_current_balance,10000
1344,2020-01-01,saitama_current_balance,1200000
1345,2020-01-01,solar to receive,4983
1346,2020-01-01,salary,644757
1347,2020-01-01,metlife,-30377
1348,2020-01-01,mortgage,-88239
1349,2020-01-01,saison_lalaport_visa_saitama,-129967
1350,2020-01-01,cosmos_gasoline_visa_saitama,-7975
1351,2020-01-01,edion_visa_saitama,-140834
1352,2020-01-01,costco_old_visa_saitama,0
1353,2020-01-01,costco_new_visa_mitsubishi,-258800
1354,2020-01-01,yahoo_visa_saitama,-704321
1355,2020-01-01,rakuten_visa_mitsubishi,-252032
1356,2020-01-01,softbank,-7035
1357,2020-01-01,solar_panel,-14081
1358,2020-01-01,proyezd,-30000
1359,2020-01-01,sadik,-30000
1360,2020-01-01,samira_swimming,-7480
1361,2020-01-01,samira_russian,-8000
1362,2020-01-01,denki,-12978
1363,2020-01-01,gas,-2916
1364,2020-01-01,suv,-7259
1365,2020-01-01,timur school,0
1366,2020-01-01,jidoushazei,0
1367,2020-01-01,home tax,0
1370,2020-02-01,date,2019
1371,2020-02-01,mitsubishi_current_balance,400000
1372,2020-02-01,saitama_current_balance,934977
1373,2020-02-01,solar to receive,5247
1374,2020-02-01,salary,643856
1375,2020-02-01,metlife,-30542
1376,2020-02-01,mortgage,-88239
1377,2020-02-01,saison_lalaport_visa_saitama,-375306
1378,2020-02-01,cosmos_gasoline_visa_saitama,-7975
1379,2020-02-01,edion_visa_saitama,-744485
1380,2020-02-01,costco_old_visa_saitama,0
1381,2020-02-01,costco_new_visa_mitsubishi,-302928
1382,2020-02-01,yahoo_visa_saitama,-283676
1383,2020-02-01,rakuten_visa_mitsubishi,-118015
1384,2020-02-01,softbank,-7035
1385,2020-02-01,solar_panel,-14081
1386,2020-02-01,proyezd,-30000
1387,2020-02-01,sadik,-30000
1388,2020-02-01,samira_swimming,-7480
1389,2020-02-01,samira_russian,-13000
1390,2020-02-01,denki,-14822
1391,2020-02-01,gas,-2916
1392,2020-02-01,suv,0
1393,2020-02-01,timur school,0
1394,2020-02-01,jidoushazei,0
1395,2020-02-01,home tax,0
1398,2020-03-01,date,2020
1399,2020-03-01,mitsubishi_current_balance,0
1400,2020-03-01,saitama_current_balance,1370000
1401,2020-03-01,solar to receive,7953
1402,2020-03-01,salary,644757
1403,2020-03-01,metlife,-30473
1404,2020-03-01,mortgage,-88239
1405,2020-03-01,saison_lalaport_visa_saitama,-70469
1406,2020-03-01,cosmos_gasoline_visa_saitama,-25741
1407,2020-03-01,edion_visa_saitama,0
1408,2020-03-01,costco_old_visa_saitama,0
1409,2020-03-01,costco_new_visa_mitsubishi,-701929
1410,2020-03-01,yahoo_visa_saitama,-575110
1411,2020-03-01,rakuten_visa_mitsubishi,-385108
1412,2020-03-01,softbank,-7035
1413,2020-03-01,solar_panel,-14081
1414,2020-03-01,proyezd,-30000
1415,2020-03-01,sadik,-30000
1416,2020-03-01,samira_swimming,-7480
1417,2020-03-01,samira_russian,-8000
1418,2020-03-01,denki,-13338
1419,2020-03-01,gas,-2916
1420,2020-03-01,suv,-7040
1421,2020-03-01,timur school,0
1422,2020-03-01,jidoushazei,0
1423,2020-03-01,home tax,0
1426,2020-04-01,date,2020
1427,2020-04-01,mitsubishi_current_balance,0
1428,2020-04-01,saitama_current_balance,1640000
1429,2020-04-01,solar to receive,10725
1430,2020-04-01,salary,644757
1431,2020-04-01,metlife,-29165
1432,2020-04-01,mortgage,-88239
1433,2020-04-01,saison_lalaport_visa_saitama,-50391
1434,2020-04-01,cosmos_gasoline_visa_saitama,0
1435,2020-04-01,edion_visa_saitama,-27060
1436,2020-04-01,costco_old_visa_saitama,0
1437,2020-04-01,costco_new_visa_mitsubishi,-296082
1438,2020-04-01,yahoo_visa_saitama,-463511
1439,2020-04-01,rakuten_visa_mitsubishi,-980109
1440,2020-04-01,softbank,-7035
1441,2020-04-01,solar_panel,-14081
1442,2020-04-01,proyezd,-30000
1443,2020-04-01,sadik,-30000
1444,2020-04-01,samira_swimming,-7480
1445,2020-04-01,samira_russian,-8000
1446,2020-04-01,denki,-9950
1447,2020-04-01,gas,-2916
1448,2020-04-01,suv,-7040
1449,2020-04-01,timur school,0
1450,2020-04-01,jidoushazei,0
1451,2020-04-01,home tax,-31000
1454,2020-05-01,date,2020
1455,2020-05-01,mitsubishi_current_balance,70000
1456,2020-05-01,saitama_current_balance,60000
1457,2020-05-01,solar to receive,10725
1458,2020-05-01,salary,644757
1459,2020-05-01,metlife,-30009
1460,2020-05-01,mortgage,-88239
1461,2020-05-01,saison_lalaport_visa_saitama,-57152
1462,2020-05-01,cosmos_gasoline_visa_saitama,-12650
1463,2020-05-01,edion_visa_saitama,0
1464,2020-05-01,costco_old_visa_saitama,-5597
1465,2020-05-01,costco_new_visa_mitsubishi,-76269
1466,2020-05-01,yahoo_visa_saitama,-31411
1467,2020-05-01,rakuten_visa_mitsubishi,-336961
1468,2020-05-01,softbank,-7035
1469,2020-05-01,solar_panel,-14081
1470,2020-05-01,proyezd,-30000
1471,2020-05-01,sadik,-30000
1472,2020-05-01,samira_swimming,-7480
1473,2020-05-01,samira_russian,-8000
1474,2020-05-01,denki,-8368
1475,2020-05-01,gas,-2916
1476,2020-05-01,suv,-7738
1477,2020-05-01,timur school,0
1478,2020-05-01,jidoushazei,0
1479,2020-05-01,home tax,0
1482,2020-06-01,date,2020
1483,2020-06-01,mitsubishi_current_balance,70000
1484,2020-06-01,saitama_current_balance,119000
1485,2020-06-01,solar to receive,10725
1486,2020-06-01,salary,644757
1487,2020-06-01,metlife,-29711
1488,2020-06-01,mortgage,-88239
1489,2020-06-01,saison_lalaport_visa_saitama,-27684
1490,2020-06-01,cosmos_gasoline_visa_saitama,0
1491,2020-06-01,edion_visa_saitama,0
1492,2020-06-01,costco_old_visa_saitama,-5597
1493,2020-06-01,costco_new_visa_mitsubishi,-151141
1494,2020-06-01,yahoo_visa_saitama,-3556
1495,2020-06-01,rakuten_visa_mitsubishi,-136791
1496,2020-06-01,softbank,-7035
1497,2020-06-01,solar_panel,-14081
1498,2020-06-01,proyezd,-30000
1499,2020-06-01,sadik,-30000
1500,2020-06-01,samira_swimming,-7480
1501,2020-06-01,samira_russian,-8000
1502,2020-06-01,denki,-6496
1503,2020-06-01,gas,-2916
1504,2020-06-01,suv,-7738
1505,2020-06-01,timur school,0
1506,2020-06-01,jidoushazei,-39500
1507,2020-06-01,home tax,-34000
1510,2020-07-01,date,2020
1511,2020-07-01,mitsubishi_current_balance,263000
1512,2020-07-01,saitama_current_balance,110000
1513,2020-07-01,solar to receive,10725
1514,2020-07-01,salary,784000
1515,2020-07-01,metlife,-29736
1516,2020-07-01,mortgage,-88239
1517,2020-07-01,saison_lalaport_visa_saitama,-163330
1518,2020-07-01,cosmos_gasoline_visa_saitama,0
1519,2020-07-01,edion_visa_saitama,-47672
1520,2020-07-01,costco_old_visa_saitama,-5597
1521,2020-07-01,costco_new_visa_mitsubishi,-150051
1522,2020-07-01,yahoo_visa_saitama,-106009
1523,2020-07-01,rakuten_visa_mitsubishi,-307129
1524,2020-07-01,softbank,-7035
1525,2020-07-01,solar_panel,-14081
1526,2020-07-01,proyezd,-30000
1527,2020-07-01,sadik,-30000
1528,2020-07-01,samira_swimming,-7480
1529,2020-07-01,samira_russian,-10000
1530,2020-07-01,denki,-5794
1531,2020-07-01,gas,-2916
1532,2020-07-01,suv,-8214
1533,2020-07-01,timur school,0
1534,2020-07-01,jidoushazei,0
1535,2020-07-01,home tax,0
1563,2020-08-01,date,2020
1564,2020-08-01,mitsubishi_current_balance,0
1565,2020-08-01,saitama_current_balance,681000
1566,2020-08-01,solar to receive,10725
1567,2020-08-01,salary,785098
1568,2020-08-01,metlife,-29626
1569,2020-08-01,mortgage,-88239
1570,2020-08-01,saison_lalaport_visa_saitama,-63859
1571,2020-08-01,cosmos_gasoline_visa_saitama,0
1572,2020-08-01,edion_visa_saitama,0
1573,2020-08-01,costco_old_visa_saitama,-5597
1574,2020-08-01,costco_new_visa_mitsubishi,-147200
1575,2020-08-01,yahoo_visa_saitama,-17497
1576,2020-08-01,rakuten_visa_mitsubishi,-288819
1577,2020-08-01,softbank,-7035
1578,2020-08-01,solar_panel,-14081
1579,2020-08-01,proyezd,-30000
1580,2020-08-01,sadik,-30000
1581,2020-08-01,samira_swimming,-7480
1582,2020-08-01,samira_russian,0
1583,2020-08-01,denki,-8514
1584,2020-08-01,gas,-2916
1585,2020-08-01,suv,-8214
1586,2020-08-01,timur school,-42240
1587,2020-08-01,jidoushazei,0
1588,2020-08-01,home tax,-31000
1591,2020-09-01,mitsubishi_current_balance,656253
1592,2020-09-01,saitama_current_balance,416570
1593,2020-09-01,solar to receive,10725
1594,2020-09-01,salary,785098
1595,2020-09-01,metlife,-29590
1596,2020-09-01,mortgage,-88239
1597,2020-09-01,saison_lalaport_visa_saitama,-151217
1598,2020-09-01,cosmos_gasoline_visa_saitama,-17577
1599,2020-09-01,edion_visa_saitama,0
1600,2020-09-01,costco_old_visa_saitama,-5597
1601,2020-09-01,costco_new_visa_mitsubishi,-213809
1602,2020-09-01,yahoo_visa_saitama,-31310
1603,2020-09-01,rakuten_visa_mitsubishi,-1160692
1604,2020-09-01,softbank,-7035
1605,2020-09-01,solar_panel,-14081
1606,2020-09-01,proyezd,-30000
1607,2020-09-01,sadik,-30000
1608,2020-09-01,samira_swimming,-7480
1609,2020-09-01,samira_russian,0
1610,2020-09-01,denki,-8110
1611,2020-09-01,gas,-1485
1612,2020-09-01,suv,-8214
1613,2020-09-01,timur school,-67100
1614,2020-09-01,jidoushazei,0
1615,2020-09-01,home tax,0
1616,2020-10-01,mitsubishi_current_balance,6000
1617,2020-10-01,saitama_current_balance,102000
1618,2020-10-01,solar to receive,10725
1619,2020-10-01,salary,785098
1620,2020-10-01,metlife,-29444
1621,2020-10-01,mortgage,-88239
1622,2020-10-01,saison_lalaport_visa_saitama,-134000
1623,2020-10-01,cosmos_gasoline_visa_saitama,-20053
1624,2020-10-01,edion_visa_saitama,0
1625,2020-10-01,costco_old_visa_saitama,-5597
1626,2020-10-01,costco_new_visa_mitsubishi,-335611
1627,2020-10-01,yahoo_visa_saitama,-24053
1628,2020-10-01,rakuten_visa_mitsubishi,-852676
1629,2020-10-01,softbank,-7035
1630,2020-10-01,solar_panel,-14081
1631,2020-10-01,proyezd,-30000
1632,2020-10-01,sadik,-30000
1633,2020-10-01,samira_swimming,-7480
1634,2020-10-01,samira_russian,0
1635,2020-10-01,denki,-8563
1636,2020-10-01,gas,-1485
1637,2020-10-01,suv,-8214
1638,2020-10-01,timur school,0
1639,2020-10-01,karen school,-50000
1640,2020-10-01,jidoushazei,0
1641,2020-10-01,home tax,0
1642,2020-11-01,mitsubishi_current_balance,18000
1643,2020-11-01,saitama_current_balance,1870000
1644,2020-11-01,solar to receive,10725
1645,2020-11-01,salary,785098
1646,2020-11-01,metlife,-29217
1647,2020-11-01,mortgage,-88239
1648,2020-11-01,saison_lalaport_visa_saitama,-121174
1649,2020-11-01,cosmos_gasoline_visa_saitama,-26323
1650,2020-11-01,edion_visa_saitama,0
1651,2020-11-01,costco_old_visa_saitama,-5597
1652,2020-11-01,costco_new_visa_mitsubishi,-438452
1653,2020-11-01,yahoo_visa_saitama,-291990
1654,2020-11-01,rakuten_visa_mitsubishi,-1226562
1655,2020-11-01,softbank,-7035
1656,2020-11-01,solar_panel,-14081
1657,2020-11-01,proyezd,-30000
1658,2020-11-01,sadik,-30000
1659,2020-11-01,samira_swimming,-7480
1660,2020-11-01,samira_russian,0
1661,2020-11-01,denki,-6030
1662,2020-11-01,gas,-1485
1663,2020-11-01,suv,-6422
1664,2020-11-01,timur school,-73600
1665,2020-11-01,karen school,-34760
1666,2020-11-01,jidoushazei,0
1667,2020-11-01,home tax,0
1668,2020-12-01,mitsubishi_current_balance,200000
1669,2020-12-01,saitama_current_balance,2045000
1670,2020-12-01,solar to receive,10725
1671,2020-12-01,salary,781433
1672,2020-12-01,metlife,-29115
1673,2020-12-01,mortgage,-88239
1674,2020-12-01,saison_lalaport_visa_saitama,-108837
1675,2020-12-01,cosmos_gasoline_visa_saitama,-15614
1676,2020-12-01,edion_visa_saitama,0
1677,2020-12-01,costco_old_visa_saitama,-5597
1678,2020-12-01,costco_new_visa_mitsubishi,-454091
1679,2020-12-01,yahoo_visa_saitama,-710789
1680,2020-12-01,rakuten_visa_mitsubishi,-852602
1681,2020-12-01,softbank,-7035
1682,2020-12-01,solar_panel,-14081
1683,2020-12-01,proyezd,-30000
1684,2020-12-01,sadik,-30000
1685,2020-12-01,samira_swimming,-7480
1686,2020-12-01,samira_russian,0
1687,2020-12-01,denki,-6628
1688,2020-12-01,gas,-1485
1689,2020-12-01,suv,-6422
1690,2020-12-01,timur school,-73600
1691,2020-12-01,karen school,-34760
1692,2020-12-01,jidoushazei,0
1693,2020-12-01,home tax,0
1694,2020-12-01,amazon_visa_mitsubishi,-525676
1695,2021-01-01,mitsubishi_current_balance,20000
1696,2021-01-01,saitama_current_balance,1509000
1697,2021-01-01,solar to receive,6072
1698,2021-01-01,salary,781433
1699,2021-01-01,metlife,-28853
1700,2021-01-01,mortgage,-88239
1701,2021-01-01,saison_lalaport_visa_saitama,-251300
1702,2021-01-01,cosmos_gasoline_visa_saitama,-16181
1703,2021-01-01,edion_visa_saitama,0
1704,2021-01-01,costco_old_visa_saitama,-5597
1705,2021-01-01,costco_new_visa_mitsubishi,-1014849
1706,2021-01-01,yahoo_visa_saitama,-85658
1707,2021-01-01,rakuten_visa_mitsubishi,-207331
1708,2021-01-01,amazon_visa_mitsubishi,-270071
1709,2021-01-01,softbank,-7035
1710,2021-01-01,solar_panel,-14081
1711,2021-01-01,proyezd,-30000
1712,2021-01-01,sadik,-30000
1713,2021-01-01,samira_swimming,-7480
1714,2021-01-01,samira_russian,0
1715,2021-01-01,denki,-8069
1716,2021-01-01,gas,-1485
1717,2021-01-01,suv,-8214
1718,2021-01-01,timur school,0
1719,2021-01-01,karen school,-92730
1720,2021-01-01,jidoushazei,0
1721,2021-01-01,home tax,0
1722,2021-02-01,mitsubishi_current_balance,20000
1723,2021-02-01,saitama_current_balance,1080000
1724,2021-02-01,solar to receive,6072
1725,2021-02-01,salary,794993
1726,2021-02-01,metlife,-28754
1727,2021-02-01,mortgage,-88239
1728,2021-02-01,saison_lalaport_visa_saitama,-94239
1729,2021-02-01,cosmos_gasoline_visa_saitama,-14197
1730,2021-02-01,edion_visa_saitama,0
1731,2021-02-01,costco_old_visa_saitama,-5597
1732,2021-02-01,costco_new_visa_mitsubishi,-409611
1733,2021-02-01,yahoo_visa_saitama,-119267
1734,2021-02-01,rakuten_visa_mitsubishi,-228213
1735,2021-02-01,amazon_visa_mitsubishi,-524210
1736,2021-02-01,softbank,-7035
1737,2021-02-01,solar_panel,-14081
1738,2021-02-01,proyezd,-30000
1739,2021-02-01,sadik,-30000
1740,2021-02-01,samira_swimming,-7480
1741,2021-02-01,samira_russian,0
1742,2021-02-01,denki,-12467
1743,2021-02-01,gas,-1485
1744,2021-02-01,suv,-8214
1745,2021-02-01,timur school,0
1746,2021-02-01,karen school,-50600
1747,2021-02-01,jidoushazei,0
1748,2021-02-01,home tax,0
1749,2021-03-01,mitsubishi_current_balance,620000
1750,2021-03-01,saitama_current_balance,950000
1751,2021-03-01,solar to receive,8877
1752,2021-03-01,salary,794993
1753,2021-03-01,metlife,-29151
1754,2021-03-01,mortgage,-88239
1755,2021-03-01,saison_lalaport_visa_saitama,-127584
1756,2021-03-01,cosmos_gasoline_visa_saitama,-34510
1757,2021-03-01,edion_visa_saitama,0
1758,2021-03-01,costco_old_visa_saitama,-5597
1759,2021-03-01,costco_new_visa_mitsubishi,-912809
1760,2021-03-01,yahoo_visa_saitama,-117916
1761,2021-03-01,rakuten_visa_mitsubishi,-370784
1762,2021-03-01,amazon_visa_mitsubishi,-242766
1763,2021-03-01,softbank,-7035
1764,2021-03-01,solar_panel,-14081
1765,2021-03-01,proyezd,-30000
1766,2021-03-01,sadik,-30000
1767,2021-03-01,samira_swimming,-7480
1768,2021-03-01,samira_russian,0
1769,2021-03-01,denki,-12467
1770,2021-03-01,gas,-1485
1771,2021-03-01,suv,-8718
1772,2021-03-01,timur school,0
1773,2021-03-01,karen school,-50600
1774,2021-03-01,jidoushazei,0
1775,2021-03-01,home tax,-31000
1776,2021-04-01,mitsubishi_current_balance,900000
1777,2021-04-01,saitama_current_balance,899600
1778,2021-04-01,solar to receive,12078
1779,2021-04-01,salary,875000
1780,2021-04-01,metlife,-30239
1781,2021-04-01,mortgage,-88239
1782,2021-04-01,saison_lalaport_visa_saitama,-400033
1783,2021-04-01,cosmos_gasoline_visa_saitama,-36064
1784,2021-04-01,edion_visa_saitama,0
1785,2021-04-01,costco_old_visa_saitama,-5597
1786,2021-04-01,costco_new_visa_mitsubishi,-591296
1787,2021-04-01,yahoo_visa_saitama,-448276
1788,2021-04-01,rakuten_visa_mitsubishi,-318198
1789,2021-04-01,amazon_visa_mitsubishi,-552244
1790,2021-04-01,softbank,-7035
1791,2021-04-01,solar_panel,-14081
1792,2021-04-01,proyezd,-30000
1793,2021-04-01,sadik,-30000
1794,2021-04-01,samira_swimming,-7480
1795,2021-04-01,samira_russian,0
1796,2021-04-01,denki,-7729
1797,2021-04-01,gas,-1485
1798,2021-04-01,suv,-8718
1799,2021-04-01,timur school,0
1800,2021-04-01,karen school,0
1801,2021-04-01,jidoushazei,0
1802,2021-04-01,home tax,0
1803,2021-04-01,matsuda_cx5_debt,-14450
1804,2021-05-01,mitsubishi_current_balance,450000
1805,2021-05-01,saitama_current_balance,1600000
1806,2021-05-01,solar to receive,14784
1807,2021-05-01,salary,875000
1808,2021-05-01,metlife,-30382
1809,2021-05-01,mortgage,-88239
1810,2021-05-01,saison_lalaport_visa_saitama,-131814
1811,2021-05-01,cosmos_gasoline_visa_saitama,-36706
1812,2021-05-01,edion_visa_saitama,0
1813,2021-05-01,costco_old_visa_saitama,-5597
1814,2021-05-01,costco_new_visa_mitsubishi,-435246
1815,2021-05-01,yahoo_visa_saitama,-584565
1816,2021-05-01,rakuten_visa_mitsubishi,-709247
1817,2021-05-01,amazon_visa_mitsubishi,-243958
1818,2021-05-01,softbank,-7035
1819,2021-05-01,solar_panel,-14081
1820,2021-05-01,proyezd,-30000
1821,2021-05-01,sadik,-30000
1822,2021-05-01,samira_swimming,-7480
1823,2021-05-01,samira_russian,0
1824,2021-05-01,denki,-6546
1825,2021-05-01,gas,-1485
1826,2021-05-01,suv,-7458
1827,2021-05-01,timur school,-357000
1828,2021-05-01,karen school,0
1829,2021-05-01,matsuda_cx5_debt,-14450
1830,2021-05-01,jidoushazei,0
1831,2021-05-01,home tax,0
1832,2021-05-31,mitsubishi_current_balance,1370000
1833,2021-05-31,saitama_current_balance,849000
1834,2021-05-31,solar to receive,17556
1835,2021-05-31,salary,875000
1836,2021-05-31,metlife,-30396
1837,2021-05-31,mortgage,-88239
1838,2021-05-31,saison_lalaport_visa_saitama,-181332
1839,2021-05-31,cosmos_gasoline_visa_saitama,-13850
1840,2021-05-31,edion_visa_saitama,-344670
1841,2021-05-31,costco_old_visa_saitama,-5597
1842,2021-05-31,costco_new_visa_mitsubishi,-1057978
1843,2021-05-31,yahoo_visa_saitama,-17553
1844,2021-05-31,rakuten_visa_mitsubishi,-420190
1845,2021-05-31,amazon_visa_mitsubishi,-572609
1846,2021-05-31,softbank,-7035
1847,2021-05-31,solar_panel,-14081
1848,2021-05-31,proyezd,-30000
1849,2021-05-31,sadik,-30000
1850,2021-05-31,samira_swimming,-7480
1851,2021-05-31,samira_russian,0
1852,2021-05-31,denki,-6305
1853,2021-05-31,gas,-1485
1854,2021-05-31,suv,-7458
1855,2021-05-31,timur school,0
1856,2021-05-31,karen school,-50000
1857,2021-05-31,matsuda_cx5_debt,-14450
1858,2021-05-31,jidoushazei,0
1859,2021-05-31,home tax,-35000
1860,2021-06-30,mitsubishi_current_balance,580000
1861,2021-06-30,saitama_current_balance,1690000
1862,2021-06-30,solar to receive,15114
1863,2021-06-30,salary,875000
1864,2021-06-30,metlife,-30446
1865,2021-06-30,mortgage,-88239
1866,2021-06-30,saison_lalaport_visa_saitama,-325000
1867,2021-06-30,cosmos_gasoline_visa_saitama,-56000
1868,2021-06-30,edion_visa_saitama,-416495
1869,2021-06-30,costco_old_visa_saitama,-5597
1870,2021-06-30,costco_new_visa_mitsubishi,-456000
1871,2021-06-30,yahoo_visa_saitama,-10000
1872,2021-06-30,rakuten_visa_mitsubishi,-959000
1873,2021-06-30,amazon_visa_mitsubishi,-471411
1874,2021-06-30,softbank,-7035
1875,2021-06-30,solar_panel,-14081
1876,2021-06-30,proyezd,-30000
1877,2021-06-30,sadik,-30000
1878,2021-06-30,samira_swimming,-7480
1879,2021-06-30,samira_russian,0
1880,2021-06-30,denki,-6305
1881,2021-06-30,gas,-1485
1882,2021-06-30,suv,-7458
1883,2021-06-30,timur school,0
1884,2021-06-30,karen school,-50000
1885,2021-06-30,matsuda_cx5_debt,-14450
1886,2021-06-30,jidoushazei,0
1887,2021-06-30,home tax,0
1888,2021-07-31,mitsubishi_current_balance,650000
1889,2021-07-31,saitama_current_balance,430000
1890,2021-07-31,solar to receive,10890
1891,2021-07-31,salary,846000
1892,2021-07-31,metlife,-30608
1893,2021-07-31,mortgage,-88239
1894,2021-07-31,saison_lalaport_visa_saitama,-95284
1895,2021-07-31,cosmos_gasoline_visa_saitama,-52423
1896,2021-07-31,edion_visa_saitama,-25820
1897,2021-07-31,costco_old_visa_saitama,-5597
1898,2021-07-31,costco_new_visa_mitsubishi,-203025
1899,2021-07-31,yahoo_visa_saitama,-26450
1900,2021-07-31,rakuten_visa_mitsubishi,-540887
1901,2021-07-31,amazon_visa_mitsubishi,-560533
1902,2021-07-31,softbank,-7035
1903,2021-07-31,solar_panel,-14081
1904,2021-07-31,proyezd,-30000
1905,2021-07-31,sadik,-30000
1906,2021-07-31,samira_swimming,-7480
1907,2021-07-31,samira_russian,0
1908,2021-07-31,denki,-6305
1909,2021-07-31,gas,-1485
1910,2021-07-31,suv,-7458
1911,2021-07-31,timur school,0
1912,2021-07-31,karen school,-217000
1913,2021-07-31,matsuda_cx5_debt,-14450
1914,2021-07-31,jidoushazei,0
1915,2021-07-31,home tax,0
1916,2021-08-31,mitsubishi_current_balance,590000
1917,2021-08-31,saitama_current_balance,170000
1918,2021-08-31,solar to receive,13827
1919,2021-08-31,salary,846000
1920,2021-08-31,metlife,-30625
1921,2021-08-31,mortgage,-88239
1922,2021-08-31,saison_lalaport_visa_saitama,-26628
1923,2021-08-31,cosmos_gasoline_visa_saitama,0
1924,2021-08-31,edion_visa_saitama,0
1925,2021-08-31,costco_old_visa_saitama,-5597
1926,2021-08-31,costco_new_visa_mitsubishi,-23201
1927,2021-08-31,yahoo_visa_saitama,-335
1928,2021-08-31,rakuten_visa_mitsubishi,-373242
1929,2021-08-31,amazon_visa_mitsubishi,-607217
1930,2021-08-31,softbank,-7035
1931,2021-08-31,solar_panel,-14081
1932,2021-08-31,proyezd,-30000
1933,2021-08-31,sadik,-30000
1934,2021-08-31,samira_swimming,-7480
1935,2021-08-31,samira_russian,0
1936,2021-08-31,denki,-6095
1937,2021-08-31,gas,-1485
1938,2021-08-31,suv,-7458
1939,2021-08-31,timur school,0
1940,2021-08-31,karen school,-217000
1941,2021-08-31,matsuda_cx5_debt,-14450
1942,2021-08-31,jidoushazei,0
1943,2021-08-31,home tax,0
1944,2021-09-30,mitsubishi_current_balance,1321453
1945,2021-09-30,saitama_current_balance,270000
1946,2021-09-30,solar to receive,9042
1947,2021-09-30,salary,846000
1948,2021-09-30,metlife,-30492
1949,2021-09-30,mortgage,-88239
1950,2021-09-30,saison_lalaport_visa_saitama,-97402
1951,2021-09-30,cosmos_gasoline_visa_saitama,0
1952,2021-09-30,edion_visa_saitama,0
1953,2021-09-30,costco_old_visa_saitama,-5597
1954,2021-09-30,costco_new_visa_mitsubishi,-43020
1955,2021-09-30,yahoo_visa_saitama,-4926
1956,2021-09-30,rakuten_visa_mitsubishi,-522222
1957,2021-09-30,amazon_visa_mitsubishi,-558313
1958,2021-09-30,softbank,-7035
1959,2021-09-30,solar_panel,-14081
1960,2021-09-30,proyezd,-30000
1961,2021-09-30,sadik,-30000
1962,2021-09-30,samira_swimming,-7480
1963,2021-09-30,samira_russian,0
1964,2021-09-30,denki,-8199
1965,2021-09-30,gas,-1485
1966,2021-09-30,suv,-7458
1967,2021-09-30,timur school,0
1968,2021-09-30,karen school,0
1969,2021-09-30,matsuda_cx5_debt,-14450
1970,2021-09-30,jidoushazei,0
1971,2021-09-30,home tax,0
1972,2021-10-31,mitsubishi_current_balance,650000
1973,2021-10-31,saitama_current_balance,1290000
1974,2021-10-31,solar to receive,9603
1975,2021-10-31,salary,846000
1976,2021-10-31,metlife,-31461
1977,2021-10-31,mortgage,-88239
1978,2021-10-31,saison_lalaport_visa_saitama,-75153
1979,2021-10-31,cosmos_gasoline_visa_saitama,-3255
1980,2021-10-31,edion_visa_saitama,0
1981,2021-10-31,costco_old_visa_saitama,-5597
1982,2021-10-31,costco_new_visa_mitsubishi,-515801
1983,2021-10-31,yahoo_visa_saitama,-65739
1984,2021-10-31,rakuten_visa_mitsubishi,-1028223
1985,2021-10-31,amazon_visa_mitsubishi,-559206
1986,2021-10-31,softbank,-7035
1987,2021-10-31,solar_panel,-14081
1988,2021-10-31,proyezd,-30000
1989,2021-10-31,sadik,-30000
1990,2021-10-31,samira_swimming,0
1991,2021-10-31,samira_russian,0
1992,2021-10-31,denki,-6372
1993,2021-10-31,gas,-1485
1994,2021-10-31,suv,-7458
1995,2021-10-31,timur school,0
1996,2021-10-31,karen school,0
1997,2021-10-31,matsuda_cx5_debt,-14450
1998,2021-10-31,jidoushazei,0
1999,2021-10-31,home tax,0
2000,2021-11-30,mitsubishi_current_balance,7000
2001,2021-11-30,saitama_current_balance,2340000
2002,2021-11-30,solar to receive,9240
2003,2021-11-30,salary,846000
2004,2021-11-30,metlife,-31602
2005,2021-11-30,mortgage,-88239
2006,2021-11-30,saison_lalaport_visa_saitama,-10359
2007,2021-11-30,cosmos_gasoline_visa_saitama,-45283
2008,2021-11-30,edion_visa_saitama,0
2009,2021-11-30,costco_old_visa_saitama,-5597
2010,2021-11-30,costco_new_visa_mitsubishi,-216405
2011,2021-11-30,yahoo_visa_saitama,-871744
2012,2021-11-30,rakuten_visa_mitsubishi,-441484
2013,2021-11-30,amazon_visa_mitsubishi,-551344
2014,2021-11-30,softbank,0
2015,2021-11-30,solar_panel,-14081
2016,2021-11-30,proyezd,-30000
2017,2021-11-30,sadik,-30000
2018,2021-11-30,samira_swimming,0
2019,2021-11-30,samira_russian,0
2020,2021-11-30,denki,-7943
2021,2021-11-30,gas,-1485
2022,2021-11-30,suv,-7458
2023,2021-11-30,timur school,0
2024,2021-11-30,karen school,-218000
2025,2021-11-30,matsuda_cx5_debt,-14450
2026,2021-11-30,jidoushazei,0
2027,2021-11-30,home tax,0
2028,2021-12-31,mitsubishi_current_balance,490000
2029,2021-12-31,saitama_current_balance,2000000
2030,2021-12-31,solar to receive,6501
2031,2021-12-31,salary,846000
2032,2021-12-31,metlife,-31481
2033,2021-12-31,mortgage,-88239
2034,2021-12-31,saison_lalaport_visa_saitama,-6369
2035,2021-12-31,cosmos_gasoline_visa_saitama,-14670
2036,2021-12-31,edion_visa_saitama,0
2037,2021-12-31,costco_old_visa_saitama,-5597
2038,2021-12-31,costco_new_visa_mitsubishi,-1158762
2039,2021-12-31,yahoo_visa_saitama,-144337
2040,2021-12-31,rakuten_visa_mitsubishi,-461504
2041,2021-12-31,amazon_visa_mitsubishi,-671928
2042,2021-12-31,softbank,0
2043,2021-12-31,solar_panel,-14081
2044,2021-12-31,proyezd,-30000
2045,2021-12-31,sadik,-30000
2046,2021-12-31,samira_swimming,0
2047,2021-12-31,samira_russian,0
2048,2021-12-31,denki,-7943
2049,2021-12-31,gas,-1485
2050,2021-12-31,suv,-7458
2051,2021-12-31,timur school,0
2052,2021-12-31,karen school,-218000
2053,2021-12-31,matsuda_cx5_debt,-14450
2054,2021-12-31,jidoushazei,0
2055,2021-12-31,home tax,0
2056,2022-01-31,mitsubishi_current_balance,2400000
2057,2022-01-31,saitama_current_balance,820000
2058,2022-01-31,solar to receive,7128
2059,2022-01-31,salary,846000
2060,2022-01-31,metlife,-31781
2061,2022-01-31,mortgage,-88239
2062,2022-01-31,saison_lalaport_visa_saitama,-136209
2063,2022-01-31,cosmos_gasoline_visa_saitama,-3889
2064,2022-01-31,edion_visa_saitama,0
2065,2022-01-31,costco_old_visa_saitama,-5597
2066,2022-01-31,costco_new_visa_mitsubishi,-348889
2067,2022-01-31,yahoo_visa_saitama,-781307
2068,2022-01-31,rakuten_visa_mitsubishi,-170524
2069,2022-01-31,amazon_visa_mitsubishi,-372578
2070,2022-01-31,softbank,0
2071,2022-01-31,solar_panel,-14081
2072,2022-01-31,proyezd,-30000
2073,2022-01-31,sadik,-30000
2074,2022-01-31,samira_swimming,0
2075,2022-01-31,samira_russian,0
2076,2022-01-31,denki,-7943
2077,2022-01-31,gas,-1485
2078,2022-01-31,suv,0
2079,2022-01-31,timur school,0
2080,2022-01-31,karen school,0
2081,2022-01-31,matsuda_cx5_debt,-14450
2082,2022-01-31,jidoushazei,0
2083,2022-01-31,home tax,0
2084,2022-02-28,mitsubishi_current_balance,3800000
2085,2022-02-28,saitama_current_balance,0
2086,2022-02-28,solar to receive,7788
2087,2022-02-28,salary,846000
2088,2022-02-28,metlife,-31997
2089,2022-02-28,mortgage,-88239
2090,2022-02-28,saison_lalaport_visa_saitama,-53085
2091,2022-02-28,cosmos_gasoline_visa_saitama,-3399
2092,2022-02-28,edion_visa_saitama,0
2093,2022-02-28,costco_old_visa_saitama,-5597
2094,2022-02-28,costco_new_visa_mitsubishi,-489507
2095,2022-02-28,yahoo_visa_saitama,-220355
2096,2022-02-28,rakuten_visa_mitsubishi,-341626
2097,2022-02-28,amazon_visa_mitsubishi,-442264
2098,2022-02-28,softbank,0
2099,2022-02-28,solar_panel,-14081
2100,2022-02-28,proyezd,-30000
2101,2022-02-28,sadik,-30000
2102,2022-02-28,samira_swimming,0
2103,2022-02-28,samira_russian,-40000
2104,2022-02-28,denki,-18600
2105,2022-02-28,gas,-1485
2106,2022-02-28,suv,-8466
2107,2022-02-28,timur school,0
2108,2022-02-28,karen school,0
2109,2022-02-28,matsuda_cx5_debt,-14450
2110,2022-02-28,jidoushazei,0
2111,2022-02-28,home tax,0
2112,2022-03-31,mitsubishi_current_balance,3600000
2113,2022-03-31,saitama_current_balance,900000
2114,2022-03-31,solar to receive,7788
2115,2022-03-31,salary,846000
2116,2022-03-31,metlife,-31997
2117,2022-03-31,mortgage,-88239
2118,2022-03-31,saison_lalaport_visa_saitama,-120074
2119,2022-03-31,cosmos_gasoline_visa_saitama,-7795
2120,2022-03-31,edion_visa_saitama,0
2121,2022-03-31,costco_old_visa_saitama,-5597
2122,2022-03-31,costco_new_visa_mitsubishi,-546041
2123,2022-03-31,yahoo_visa_saitama,-116213
2124,2022-03-31,rakuten_visa_mitsubishi,-75769
2125,2022-03-31,amazon_visa_mitsubishi,-620024
2126,2022-03-31,softbank,0
2127,2022-03-31,solar_panel,-14081
2128,2022-03-31,proyezd,-30000
2129,2022-03-31,sadik,-30000
2130,2022-03-31,samira_swimming,0
2131,2022-03-31,samira_russian,-40000
2132,2022-03-31,denki,-11156
2133,2022-03-31,gas,-1485
2134,2022-03-31,suv,0
2135,2022-03-31,timur school,0
2136,2022-03-31,karen school,0
2137,2022-03-31,matsuda_cx5_debt,-14450
2138,2022-03-31,jidoushazei,0
2139,2022-03-31,home tax,0
